-- phpMyAdmin SQL Dump
-- version 5.2.1
-- https://www.phpmyadmin.net/
--
-- Hôte : 127.0.0.1:3306
-- Généré le : dim. 23 mars 2025 à 18:10
-- Version du serveur : 11.2.2-MariaDB
-- Version de PHP : 8.2.13

SET SQL_MODE = "NO_AUTO_VALUE_ON_ZERO";
START TRANSACTION;
SET time_zone = "+00:00";


/*!40101 SET @OLD_CHARACTER_SET_CLIENT=@@CHARACTER_SET_CLIENT */;
/*!40101 SET @OLD_CHARACTER_SET_RESULTS=@@CHARACTER_SET_RESULTS */;
/*!40101 SET @OLD_COLLATION_CONNECTION=@@COLLATION_CONNECTION */;
/*!40101 SET NAMES utf8mb4 */;

--
-- Base de données : `mediatek86`
--

-- --------------------------------------------------------

--
-- Structure de la table `abonnement`
--

DROP TABLE IF EXISTS `abonnement`;
CREATE TABLE IF NOT EXISTS `abonnement` (
  `id` varchar(5) NOT NULL,
  `dateFinAbonnement` date DEFAULT NULL,
  `idRevue` varchar(10) NOT NULL,
  PRIMARY KEY (`id`),
  KEY `idRevue` (`idRevue`)
) ENGINE=InnoDB DEFAULT CHARSET=utf8mb4 COLLATE=utf8mb4_general_ci;

--
-- Déchargement des données de la table `abonnement`
--

INSERT INTO `abonnement` (`id`, `dateFinAbonnement`, `idRevue`) VALUES
('00051', '2025-03-20', '10001'),
('00055', '2025-03-22', '10002'),
('00056', '2025-03-28', '10003'),
('00057', '2025-04-14', '10011');

--
-- Déclencheurs `abonnement`
--
DROP TRIGGER IF EXISTS `delete_commande_revue`;
DELIMITER $$
CREATE TRIGGER `delete_commande_revue` AFTER DELETE ON `abonnement` FOR EACH ROW DELETE FROM commande
WHERE id = OLD.id
$$
DELIMITER ;

-- --------------------------------------------------------

--
-- Structure de la table `commande`
--

DROP TABLE IF EXISTS `commande`;
CREATE TABLE IF NOT EXISTS `commande` (
  `id` varchar(5) NOT NULL,
  `dateCommande` date DEFAULT NULL,
  `montant` double DEFAULT NULL,
  PRIMARY KEY (`id`)
) ENGINE=InnoDB DEFAULT CHARSET=utf8mb4 COLLATE=utf8mb4_general_ci;

--
-- Déchargement des données de la table `commande`
--

INSERT INTO `commande` (`id`, `dateCommande`, `montant`) VALUES
('00001', '2025-03-01', 50),
('00002', '2025-03-02', 55.5),
('00003', '2025-03-03', 65.6),
('00004', '2025-03-04', 99.9),
('00005', '2025-03-05', 49.99),
('00006', '2025-03-06', 39.99),
('00011', '2025-03-11', 100.5),
('00015', '2025-03-12', 10.4),
('00020', '2025-03-11', 10.7),
('00051', '2025-03-12', 50.99),
('00055', '2025-03-12', 1),
('00056', '2025-03-12', 2),
('00057', '2025-03-12', 3);

-- --------------------------------------------------------

--
-- Structure de la table `commandedocument`
--

DROP TABLE IF EXISTS `commandedocument`;
CREATE TABLE IF NOT EXISTS `commandedocument` (
  `id` varchar(5) NOT NULL,
  `nbExemplaire` int(11) DEFAULT NULL,
  `idLivreDvd` varchar(10) NOT NULL,
  `idSuivi` varchar(5) NOT NULL,
  PRIMARY KEY (`id`),
  KEY `idLivreDvd` (`idLivreDvd`),
  KEY `fk_idSuivi` (`idSuivi`)
) ENGINE=InnoDB DEFAULT CHARSET=utf8mb4 COLLATE=utf8mb4_general_ci;

--
-- Déchargement des données de la table `commandedocument`
--

INSERT INTO `commandedocument` (`id`, `nbExemplaire`, `idLivreDvd`, `idSuivi`) VALUES
('00001', 3, '20001', '00003'),
('00002', 4, '20002', '00001'),
('00003', 6, '00010', '00003'),
('00004', 1, '00010', '00003'),
('00005', 4, '00010', '00001'),
('00006', 4, '00011', '00001'),
('00011', 6, '00020', '00003'),
('00015', 3, '00010', '00001'),
('00020', 3, '20001', '00004');

--
-- Déclencheurs `commandedocument`
--
DROP TRIGGER IF EXISTS `delete_commande`;
DELIMITER $$
CREATE TRIGGER `delete_commande` AFTER DELETE ON `commandedocument` FOR EACH ROW DELETE FROM commande
WHERE id = OLD.id
$$
DELIMITER ;
DROP TRIGGER IF EXISTS `update_exemplaires`;
DELIMITER $$
CREATE TRIGGER `update_exemplaires` AFTER UPDATE ON `commandedocument` FOR EACH ROW BEGIN
    DECLARE id_etat_neuf CHAR(5);
    DECLARE id_suivi_livree VARCHAR(5);
    DECLARE date_commande DATE;
    DECLARE num_max INT(11);
    DECLARE num_exemplaire_actuel INT(11);
    DECLARE i INT(11);
    SET i = 0;

    -- Récupération de l'identifiant du suivi d'un livre dvd livré
    SELECT id INTO id_suivi_livree
    FROM suivi
    WHERE stade = "Livrée";

    -- Si le suivi a été changé d'un stade au stade livré, alors on insert les exemplaires dans la table exemplaire
    IF (OLD.idSuivi != id_suivi_livree AND NEW.idSuivi = id_suivi_livree) THEN
        -- Récupération de l'identifiant d'un document à l'état neuf
        SELECT id INTO id_etat_neuf
        FROM etat
        WHERE libelle = "neuf";

        -- Récupération de la date de la commande
        SELECT dateCommande INTO date_commande
        FROM commande
        WHERE id = NEW.id;

        -- Récupération du numéro maximal d'exemplaire déjà utilisé dans la base de données pour ce document
        SELECT MAX(numero) INTO num_max FROM exemplaire
        WHERE id = NEW.idLivreDvd;
        IF (num_max IS NULL) THEN
        	SET num_max = 0;
        END IF;
        SET num_exemplaire_actuel = num_max + 1;

        -- Insertion des nouveaux exemplaires dans la table exemplaires
        WHILE (i < NEW.nbExemplaire) DO
            INSERT INTO exemplaire VALUES (NEW.idLivreDvd, num_exemplaire_actuel, date_commande, "", id_etat_neuf);

            SET num_exemplaire_actuel = num_exemplaire_actuel + 1;
            SET i = i + 1;
        END WHILE;
    END IF;
END
$$
DELIMITER ;

-- --------------------------------------------------------

--
-- Structure de la table `document`
--

DROP TABLE IF EXISTS `document`;
CREATE TABLE IF NOT EXISTS `document` (
  `id` varchar(10) NOT NULL,
  `titre` varchar(60) DEFAULT NULL,
  `image` varchar(500) DEFAULT NULL,
  `idRayon` varchar(5) NOT NULL,
  `idPublic` varchar(5) NOT NULL,
  `idGenre` varchar(5) NOT NULL,
  PRIMARY KEY (`id`),
  KEY `idRayon` (`idRayon`),
  KEY `idPublic` (`idPublic`),
  KEY `idGenre` (`idGenre`)
) ENGINE=InnoDB DEFAULT CHARSET=utf8mb4 COLLATE=utf8mb4_general_ci;

--
-- Déchargement des données de la table `document`
--

INSERT INTO `document` (`id`, `titre`, `image`, `idRayon`, `idPublic`, `idGenre`) VALUES
('00001', 'Quand sort la recluse', '', 'LV003', '00002', '10014'),
('00002', 'Un pays à l\'aube', '', 'LV001', '00002', '10004'),
('00003', 'Et je danse aussi', '', 'LV002', '00003', '10013'),
('00004', 'L\'armée furieuse', '', 'LV003', '00002', '10014'),
('00005', 'Les anonymes', '', 'LV001', '00002', '10014'),
('00006', 'La marque jaune', '', 'BD001', '00003', '10001'),
('00007', 'Dans les coulisses du musée', '', 'LV001', '00003', '10006'),
('00008', 'Histoire du juif errant', '', 'LV002', '00002', '10006'),
('00009', 'Pars vite et reviens tard', '', 'LV003', '00002', '10014'),
('00010', 'Le vestibule des causes perdues', '', 'LV001', '00002', '10006'),
('00011', 'L\'île des oubliés', '', 'LV002', '00003', '10006'),
('00012', 'La souris bleue', '', 'LV002', '00003', '10006'),
('00013', 'Sacré Pêre Noël', '', 'JN001', '00001', '10001'),
('00014', 'Mauvaise étoile', '', 'LV003', '00003', '10014'),
('00015', 'La confrérie des téméraires', '', 'JN002', '00004', '10014'),
('00016', 'Le butin du requin', '', 'JN002', '00004', '10014'),
('00017', 'Catastrophes au Brésil', '', 'JN002', '00004', '10014'),
('00018', 'Le Routard - Maroc', '', 'DV005', '00003', '10011'),
('00019', 'Guide Vert - Iles Canaries', '', 'DV005', '00003', '10011'),
('00020', 'Guide Vert - Irlande', '', 'DV005', '00003', '10011'),
('00021', 'Les déferlantes', '', 'LV002', '00002', '10006'),
('00022', 'Une part de Ciel', '', 'LV002', '00002', '10006'),
('00023', 'Le secret du janissaire', '', 'BD001', '00002', '10001'),
('00024', 'Pavillon noir', '', 'BD001', '00002', '10001'),
('00025', 'L\'archipel du danger', '', 'BD001', '00002', '10001'),
('00026', 'La planète des singes', '', 'LV002', '00003', '10002'),
('10001', 'Arts Magazine', '', 'PR002', '00002', '10016'),
('10002', 'Alternatives Economiques', '', 'PR002', '00002', '10015'),
('10003', 'Challenges', '', 'PR002', '00002', '10015'),
('10004', 'Rock and Folk', '', 'PR002', '00002', '10016'),
('10005', 'Les Echos', '', 'PR001', '00002', '10015'),
('10006', 'Le Monde', '', 'PR001', '00002', '10018'),
('10007', 'Telerama', '', 'PR002', '00002', '10016'),
('10008', 'L\'Obs', '', 'PR002', '00002', '10018'),
('10009', 'L\'Equipe', '', 'PR001', '00002', '10017'),
('10010', 'L\'Equipe Magazine', '', 'PR002', '00002', '10017'),
('10011', 'Geo', '', 'PR002', '00003', '10016'),
('20001', 'Star Wars 5 L\'empire contre attaque', '', 'DF001', '00003', '10002'),
('20002', 'Le seigneur des anneaux : la communauté de l\'anneau', '', 'DF001', '00003', '10019'),
('20003', 'Jurassic Park', '', 'DF001', '00003', '10002'),
('20004', 'Matrix', '', 'DF001', '00003', '10002');

-- --------------------------------------------------------

--
-- Structure de la table `dvd`
--

DROP TABLE IF EXISTS `dvd`;
CREATE TABLE IF NOT EXISTS `dvd` (
  `id` varchar(10) NOT NULL,
  `synopsis` text DEFAULT NULL,
  `realisateur` varchar(20) DEFAULT NULL,
  `duree` int(6) DEFAULT NULL,
  PRIMARY KEY (`id`)
) ENGINE=InnoDB DEFAULT CHARSET=utf8mb4 COLLATE=utf8mb4_general_ci;

--
-- Déchargement des données de la table `dvd`
--

INSERT INTO `dvd` (`id`, `synopsis`, `realisateur`, `duree`) VALUES
('20001', 'Luc est entraîné par Yoda pendant que Han et Leia tentent de se cacher dans la cité des nuages.', 'George Lucas', 125),
('20002', 'L\'anneau unique, forgé par Sauron, est porté par Fraudon qui l\'amène à Foncombe. De là, des représentants de peuples différents vont s\'unir pour aider Fraudon à amener l\'anneau à la montagne du Destin.', 'Peter Jackson', 228),
('20003', 'Un milliardaire et des généticiens créent des dinosaures à partir de clonage.', 'Steven Spielberg', 128),
('20004', 'Un informaticien réalise que le monde dans lequel il vit est une simulation gérée par des machines.', 'Les Wachowski', 136);

-- --------------------------------------------------------

--
-- Structure de la table `etat`
--

DROP TABLE IF EXISTS `etat`;
CREATE TABLE IF NOT EXISTS `etat` (
  `id` char(5) NOT NULL,
  `libelle` varchar(20) DEFAULT NULL,
  PRIMARY KEY (`id`)
) ENGINE=InnoDB DEFAULT CHARSET=utf8mb4 COLLATE=utf8mb4_general_ci;

--
-- Déchargement des données de la table `etat`
--

INSERT INTO `etat` (`id`, `libelle`) VALUES
('00001', 'neuf'),
('00002', 'usagé'),
('00003', 'détérioré'),
('00004', 'inutilisable');

-- --------------------------------------------------------

--
-- Structure de la table `exemplaire`
--

DROP TABLE IF EXISTS `exemplaire`;
CREATE TABLE IF NOT EXISTS `exemplaire` (
  `id` varchar(10) NOT NULL,
  `numero` int(11) NOT NULL,
  `dateAchat` date DEFAULT NULL,
  `photo` varchar(500) NOT NULL,
  `idEtat` char(5) NOT NULL,
  PRIMARY KEY (`id`,`numero`),
  KEY `idEtat` (`idEtat`)
) ENGINE=InnoDB DEFAULT CHARSET=utf8mb4 COLLATE=utf8mb4_general_ci;

--
-- Déchargement des données de la table `exemplaire`
--

INSERT INTO `exemplaire` (`id`, `numero`, `dateAchat`, `photo`, `idEtat`) VALUES
('00009', 498, '2025-03-04', '', '00003'),
('00010', 1, '2025-03-03', '', '00001'),
('00010', 2, '2025-03-03', '', '00001'),
('00010', 3, '2025-03-03', '', '00001'),
('00010', 4, '2025-03-03', '', '00001'),
('00010', 5, '2025-03-03', '', '00001'),
('00010', 6, '2025-03-03', '', '00001'),
('00010', 7, '2025-03-04', '', '00003'),
('00020', 1, '2025-03-11', '', '00002'),
('00020', 2, '2025-03-11', '', '00001'),
('00020', 3, '2025-03-11', '', '00001'),
('00020', 4, '2025-03-11', '', '00001'),
('00020', 5, '2025-03-11', '', '00001'),
('00020', 6, '2025-03-11', '', '00001'),
('10001', 1, '2025-03-14', '', '00002'),
('10001', 2, '2025-03-18', '', '00002'),
('10007', 3237, '2021-11-23', '', '00001'),
('10007', 3238, '2021-11-30', '', '00001'),
('10007', 3239, '2021-12-07', '', '00001'),
('10007', 3240, '2021-12-21', '', '00001'),
('10011', 505, '2022-10-16', '', '00001'),
('10011', 506, '2021-04-01', '', '00001'),
('10011', 507, '2021-05-03', '', '00001'),
('10011', 508, '2021-06-05', '', '00001'),
('10011', 509, '2021-07-01', '', '00001'),
('10011', 510, '2021-08-04', '', '00001'),
('10011', 511, '2021-09-01', '', '00001'),
('10011', 512, '2021-10-06', '', '00001'),
('10011', 513, '2021-11-01', '', '00001'),
('10011', 514, '2021-12-01', '', '00001');

-- --------------------------------------------------------

--
-- Structure de la table `genre`
--

DROP TABLE IF EXISTS `genre`;
CREATE TABLE IF NOT EXISTS `genre` (
  `id` varchar(5) NOT NULL,
  `libelle` varchar(20) DEFAULT NULL,
  PRIMARY KEY (`id`)
) ENGINE=InnoDB DEFAULT CHARSET=utf8mb4 COLLATE=utf8mb4_general_ci;

--
-- Déchargement des données de la table `genre`
--

INSERT INTO `genre` (`id`, `libelle`) VALUES
('10000', 'Humour'),
('10001', 'Bande dessinée'),
('10002', 'Science Fiction'),
('10003', 'Biographie'),
('10004', 'Historique'),
('10006', 'Roman'),
('10007', 'Aventures'),
('10008', 'Essai'),
('10009', 'Documentaire'),
('10010', 'Technique'),
('10011', 'Voyages'),
('10012', 'Drame'),
('10013', 'Comédie'),
('10014', 'Policier'),
('10015', 'Presse Economique'),
('10016', 'Presse Culturelle'),
('10017', 'Presse sportive'),
('10018', 'Actualités'),
('10019', 'Fantazy');

-- --------------------------------------------------------

--
-- Structure de la table `livre`
--

DROP TABLE IF EXISTS `livre`;
CREATE TABLE IF NOT EXISTS `livre` (
  `id` varchar(10) NOT NULL,
  `ISBN` varchar(13) DEFAULT NULL,
  `auteur` varchar(20) DEFAULT NULL,
  `collection` varchar(50) DEFAULT NULL,
  PRIMARY KEY (`id`)
) ENGINE=InnoDB DEFAULT CHARSET=utf8mb4 COLLATE=utf8mb4_general_ci;

--
-- Déchargement des données de la table `livre`
--

INSERT INTO `livre` (`id`, `ISBN`, `auteur`, `collection`) VALUES
('00001', '1234569877896', 'Fred Vargas', 'Commissaire Adamsberg'),
('00002', '1236547896541', 'Dennis Lehanne', ''),
('00003', '6541236987410', 'Anne-Laure Bondoux', ''),
('00004', '3214569874123', 'Fred Vargas', 'Commissaire Adamsberg'),
('00005', '3214563214563', 'RJ Ellory', ''),
('00006', '3213213211232', 'Edgar P. Jacobs', 'Blake et Mortimer'),
('00007', '6541236987541', 'Kate Atkinson', ''),
('00008', '1236987456321', 'Jean d\'Ormesson', ''),
('00009', '', 'Fred Vargas', 'Commissaire Adamsberg'),
('00010', '', 'Manon Moreau', ''),
('00011', '', 'Victoria Hislop', ''),
('00012', '', 'Kate Atkinson', ''),
('00013', '', 'Raymond Briggs', ''),
('00014', '', 'RJ Ellory', ''),
('00015', '', 'Floriane Turmeau', ''),
('00016', '', 'Julian Press', ''),
('00017', '123456', 'Philippe Masson', ''),
('00018', '', '', 'Guide du Routard'),
('00019', '', '', 'Guide Vert'),
('00020', '', '', 'Guide Vert'),
('00021', '', 'Claudie Gallay', ''),
('00022', '', 'Claudie Gallay', ''),
('00023', '', 'Ayrolles - Masbou', 'De cape et de crocs'),
('00024', '', 'Ayrolles - Masbou', 'De cape et de crocs'),
('00025', '', 'Ayrolles - Masbou', 'De cape et de crocs'),
('00026', '', 'Pierre Boulle', 'Julliard');

-- --------------------------------------------------------

--
-- Structure de la table `livres_dvd`
--

DROP TABLE IF EXISTS `livres_dvd`;
CREATE TABLE IF NOT EXISTS `livres_dvd` (
  `id` varchar(10) NOT NULL,
  PRIMARY KEY (`id`)
) ENGINE=InnoDB DEFAULT CHARSET=utf8mb4 COLLATE=utf8mb4_general_ci;

--
-- Déchargement des données de la table `livres_dvd`
--

INSERT INTO `livres_dvd` (`id`) VALUES
('00001'),
('00002'),
('00003'),
('00004'),
('00005'),
('00006'),
('00007'),
('00008'),
('00009'),
('00010'),
('00011'),
('00012'),
('00013'),
('00014'),
('00015'),
('00016'),
('00017'),
('00018'),
('00019'),
('00020'),
('00021'),
('00022'),
('00023'),
('00024'),
('00025'),
('00026'),
('20001'),
('20002'),
('20003'),
('20004');

-- --------------------------------------------------------

--
-- Structure de la table `public`
--

DROP TABLE IF EXISTS `public`;
CREATE TABLE IF NOT EXISTS `public` (
  `id` varchar(5) NOT NULL,
  `libelle` varchar(50) DEFAULT NULL,
  PRIMARY KEY (`id`)
) ENGINE=InnoDB DEFAULT CHARSET=utf8mb4 COLLATE=utf8mb4_general_ci;

--
-- Déchargement des données de la table `public`
--

INSERT INTO `public` (`id`, `libelle`) VALUES
('00001', 'Jeunesse'),
('00002', 'Adultes'),
('00003', 'Tous publics'),
('00004', 'Ados');

-- --------------------------------------------------------

--
-- Structure de la table `rayon`
--

DROP TABLE IF EXISTS `rayon`;
CREATE TABLE IF NOT EXISTS `rayon` (
  `id` char(5) NOT NULL,
  `libelle` varchar(30) DEFAULT NULL,
  PRIMARY KEY (`id`)
) ENGINE=InnoDB DEFAULT CHARSET=utf8mb4 COLLATE=utf8mb4_general_ci;

--
-- Déchargement des données de la table `rayon`
--

INSERT INTO `rayon` (`id`, `libelle`) VALUES
('BD001', 'BD Adultes'),
('BL001', 'Beaux Livres'),
('DF001', 'DVD films'),
('DV001', 'Sciences'),
('DV002', 'Maison'),
('DV003', 'Santé'),
('DV004', 'Littérature classique'),
('DV005', 'Voyages'),
('JN001', 'Jeunesse BD'),
('JN002', 'Jeunesse romans'),
('LV001', 'Littérature étrangère'),
('LV002', 'Littérature française'),
('LV003', 'Policiers français étrangers'),
('PR001', 'Presse quotidienne'),
('PR002', 'Magazines');

-- --------------------------------------------------------

--
-- Structure de la table `revue`
--

DROP TABLE IF EXISTS `revue`;
CREATE TABLE IF NOT EXISTS `revue` (
  `id` varchar(10) NOT NULL,
  `periodicite` varchar(2) DEFAULT NULL,
  `delaiMiseADispo` int(11) DEFAULT NULL,
  PRIMARY KEY (`id`)
) ENGINE=InnoDB DEFAULT CHARSET=utf8mb4 COLLATE=utf8mb4_general_ci;

--
-- Déchargement des données de la table `revue`
--

INSERT INTO `revue` (`id`, `periodicite`, `delaiMiseADispo`) VALUES
('10001', 'MS', 52),
('10002', 'MS', 52),
('10003', 'HB', 15),
('10004', 'HB', 15),
('10005', 'QT', 5),
('10006', 'QT', 5),
('10007', 'HB', 26),
('10008', 'HB', 26),
('10009', 'QT', 5),
('10010', 'HB', 12),
('10011', 'MS', 52);

-- --------------------------------------------------------

--
-- Structure de la table `service`
--

DROP TABLE IF EXISTS `service`;
CREATE TABLE IF NOT EXISTS `service` (
  `id` int(11) NOT NULL AUTO_INCREMENT,
  `libelle` varchar(50) NOT NULL,
  PRIMARY KEY (`id`)
) ENGINE=MyISAM AUTO_INCREMENT=4 DEFAULT CHARSET=utf8mb4 COLLATE=utf8mb4_general_ci;

--
-- Déchargement des données de la table `service`
--

INSERT INTO `service` (`id`, `libelle`) VALUES
(1, 'Administratif'),
(2, 'Prets'),
(3, 'Culture');

-- --------------------------------------------------------

--
-- Structure de la table `suivi`
--

DROP TABLE IF EXISTS `suivi`;
CREATE TABLE IF NOT EXISTS `suivi` (
  `id` varchar(5) NOT NULL,
  `stade` varchar(20) NOT NULL,
  PRIMARY KEY (`id`)
) ENGINE=InnoDB DEFAULT CHARSET=utf8mb4 COLLATE=utf8mb4_general_ci;

--
-- Déchargement des données de la table `suivi`
--

INSERT INTO `suivi` (`id`, `stade`) VALUES
('00001', 'En cours'),
('00002', 'Relancée'),
('00003', 'Livrée'),
('00004', 'Réglée');

-- --------------------------------------------------------

--
-- Structure de la table `utilisateur`
--

DROP TABLE IF EXISTS `utilisateur`;
CREATE TABLE IF NOT EXISTS `utilisateur` (
  `id` int(11) NOT NULL AUTO_INCREMENT,
  `login` varchar(100) NOT NULL,
  `hashPassword` char(64) NOT NULL,
  `administrateur` tinyint(1) NOT NULL,
  `idService` int(11) DEFAULT NULL,
  PRIMARY KEY (`id`),
  KEY `idService` (`idService`)
) ENGINE=MyISAM AUTO_INCREMENT=5 DEFAULT CHARSET=utf8mb4 COLLATE=utf8mb4_general_ci;

--
-- Déchargement des données de la table `utilisateur`
--

INSERT INTO `utilisateur` (`id`, `login`, `hashPassword`, `administrateur`, `idService`) VALUES
(1, 'admin', '8c6976e5b5410415bde908bd4dee15dfb167a9c873fc4bb8a81f6f2ab448a918', 1, NULL),
(2, 'jfrancart', '2c48d6e46b37c3716a1038bb1886fab5af073c272b35096c9c51f20dde546701', 0, 1),
(3, 'adumont', 'c16ec5bfc9711f7acf7970109de76278c4492802bf2e4471b0ccce9173f6c7c1', 0, 2),
(4, 'pmenier', '7bfddc6ea2b214b6ae9310627a6ecf38dcc79164ae1b9be5601cfd300121b8ca', 0, 3);

--
-- Contraintes pour les tables déchargées
--

--
-- Contraintes pour la table `abonnement`
--
ALTER TABLE `abonnement`
  ADD CONSTRAINT `abonnement_ibfk_1` FOREIGN KEY (`id`) REFERENCES `commande` (`id`),
  ADD CONSTRAINT `abonnement_ibfk_2` FOREIGN KEY (`idRevue`) REFERENCES `revue` (`id`);

--
-- Contraintes pour la table `commandedocument`
--
ALTER TABLE `commandedocument`
  ADD CONSTRAINT `commandedocument_ibfk_1` FOREIGN KEY (`id`) REFERENCES `commande` (`id`),
  ADD CONSTRAINT `commandedocument_ibfk_2` FOREIGN KEY (`idLivreDvd`) REFERENCES `livres_dvd` (`id`),
  ADD CONSTRAINT `fk_idSuivi` FOREIGN KEY (`idSuivi`) REFERENCES `suivi` (`id`);

--
-- Contraintes pour la table `document`
--
ALTER TABLE `document`
  ADD CONSTRAINT `document_ibfk_1` FOREIGN KEY (`idRayon`) REFERENCES `rayon` (`id`),
  ADD CONSTRAINT `document_ibfk_2` FOREIGN KEY (`idPublic`) REFERENCES `public` (`id`),
  ADD CONSTRAINT `document_ibfk_3` FOREIGN KEY (`idGenre`) REFERENCES `genre` (`id`);

--
-- Contraintes pour la table `dvd`
--
ALTER TABLE `dvd`
  ADD CONSTRAINT `dvd_ibfk_1` FOREIGN KEY (`id`) REFERENCES `livres_dvd` (`id`);

--
-- Contraintes pour la table `exemplaire`
--
ALTER TABLE `exemplaire`
  ADD CONSTRAINT `exemplaire_ibfk_1` FOREIGN KEY (`id`) REFERENCES `document` (`id`),
  ADD CONSTRAINT `exemplaire_ibfk_2` FOREIGN KEY (`idEtat`) REFERENCES `etat` (`id`);

--
-- Contraintes pour la table `livre`
--
ALTER TABLE `livre`
  ADD CONSTRAINT `livre_ibfk_1` FOREIGN KEY (`id`) REFERENCES `livres_dvd` (`id`);

--
-- Contraintes pour la table `livres_dvd`
--
ALTER TABLE `livres_dvd`
  ADD CONSTRAINT `livres_dvd_ibfk_1` FOREIGN KEY (`id`) REFERENCES `document` (`id`);

--
-- Contraintes pour la table `revue`
--
ALTER TABLE `revue`
  ADD CONSTRAINT `revue_ibfk_1` FOREIGN KEY (`id`) REFERENCES `document` (`id`);
COMMIT;

/*!40101 SET CHARACTER_SET_CLIENT=@OLD_CHARACTER_SET_CLIENT */;
/*!40101 SET CHARACTER_SET_RESULTS=@OLD_CHARACTER_SET_RESULTS */;
/*!40101 SET COLLATION_CONNECTION=@OLD_COLLATION_CONNECTION */;
